User_Id,User_Satisfaction
0,0
4,1
8,1
9,1
11,0
12,0
21,0
28,0
31,0
34,0
35,0
36,0
38,0
40,0
44,0
46,0
49,0
50,0
51,1
57,0
60,1
63,0
66,1
73,0
79,1
80,0
82,0
83,0
97,0
98,0
99,0
100,0
101,0
102,0
105,0
107,0
108,1
110,0
113,0
121,1
122,0
125,0
130,0
133,0
134,0
137,0
138,1
141,0
144,0
149,0
152,0
156,0
162,0
163,1
164,0
165,0
167,0
170,0
173,0
179,0
185,1
187,0
188,1
189,0
191,0
192,0
193,0
196,1
197,0
200,1
201,0
203,1
205,1
207,0
210,1
211,0
215,0
216,1
222,0
224,1
227,1
228,1
229,0
230,1
231,0
238,0
240,1
242,0
251,0
258,1
261,0
264,1
265,0
270,1
275,1
282,0
288,0
289,0
291,0
295,0
299,0
300,1
301,0
303,1
308,0
310,0
311,0
315,0
316,0
317,0
324,0
328,0
330,0
335,0
341,0
343,1
344,0
348,0
350,1
364,1
370,0
373,0
377,0
380,0
381,1
384,0
396,0
399,1
400,0
405,1
406,0
412,1
414,1
415,0
416,0
423,0
424,1
427,0
433,0
434,0
435,0
446,0
454,1
455,0
459,1
464,0
466,0
469,0
470,1
476,0
478,1
479,0
480,1
482,0
489,0
490,1
492,0
498,0
501,0
502,0
504,0
505,0
507,1
515,0
516,0
522,0
526,0
527,1
535,0
537,0
540,1
541,0
547,1
550,0
553,0
554,0
555,1
556,0
560,1
568,0
569,0
570,0
580,0
582,0
584,0
588,0
601,1
603,0
612,1
618,0
621,0
624,0
631,0
632,0
633,1
634,0
636,0
642,0
643,0
644,0
653,1
655,1
660,0
664,0
671,1
676,0
677,0
684,0
685,0
686,1
687,0
688,0
691,1
693,0
694,0
696,0
697,0
707,1
726,1
731,1
733,0
735,1
738,0
744,1
747,0
752,0
754,0
756,0
758,0
763,0
764,0
766,0
778,0
779,0
780,1
784,0
785,1
789,0
792,1
796,0
800,0
803,0
809,0
814,1
820,0
823,0
826,0
830,0
834,1
836,0
837,0
838,0
843,1
854,1
855,0
858,0
859,0
860,0
862,0
863,1
864,0
867,0
869,0
872,0
882,1
883,0
885,0
891,0
893,0
899,0
901,0
907,0
909,0
910,0
912,0
914,1
917,0
920,0
921,1
923,1
929,0
931,0
934,0
935,0
937,0
939,0
941,0
942,0
943,0
944,0
945,1
947,0
948,0
950,0
951,0
953,1
954,1
962,1
966,1
973,0
976,0
977,0
979,0
981,0
982,0
985,0
986,0
987,1
989,0
994,0
997,0
998,0
1000,1
1001,0
1013,0
1018,0
1019,0
1024,0
1027,0
1028,1
1031,0
1036,0
1039,1
1040,0
1041,0
1045,1
1046,0
1051,0
1054,0
1058,0
1062,0
1067,0
1069,0
1073,0
1076,0
1081,1
1085,0
1089,0
1092,0
1094,1
1096,0
1099,0
1100,1
1101,0
1103,0
1104,0
1112,0
1113,0
1114,0
1115,0
1117,1
1120,1
1126,0
1129,1
1134,0
1135,0
1136,0
1137,1
1142,1
1143,0
1147,1
1151,0
1160,0
1162,0
1163,0
1165,0
1166,1
1168,0
1169,0
1175,1
1182,1
1183,0
1184,0
1185,0
1187,0
1189,0
1192,0
1193,0
1195,0
1202,1
1204,0
1207,0
1208,0
1209,0
1211,0
1215,1
1217,0
1218,1
1221,0
1223,1
1225,1
1227,0
1228,0
1231,0
1232,1
1234,0
1239,1
1246,1
1247,0
1248,0
1250,1
1256,0
1257,1
1258,0
1259,1
1264,0
1265,1
1276,1
1279,1
1280,0
1289,0
1290,1
1291,0
1297,0
1299,0
1300,0
1304,1
1305,1
1308,0
1309,0
1310,0
1311,0
1313,0
1318,0
1322,0
1328,0
1331,1
1334,0
1335,0
1336,0
1337,0
1338,0
1341,0
1344,1
1350,1
1351,0
1358,0
1361,0
1362,0
1366,0
1367,0
1372,0
1376,0
1377,1
1379,0
1381,0
1382,0
1383,0
1391,1
1394,0
1399,0
1403,1
1412,1
1413,0
1414,0
1424,0
1425,0
1429,0
1433,0
1438,0
1443,0
1445,0
1448,1
1449,0
1460,0
1463,1
1465,0
1468,0
1469,0
1473,0
1478,0
1479,0
1486,0
1496,0
1501,0
1502,1
1507,1
1515,0
1520,0
1523,0
1524,0
1526,0
1527,0
1535,0
1543,0
1547,0
1552,0
1554,1
1564,0
1572,0
1573,0
1582,0
1583,0
1589,1
1590,1
1594,0
1596,1
1598,0
1600,0
1601,0
1606,0
1610,0
1611,0
1613,0
1614,1
1619,0
1620,1
1621,1
1622,0
1629,0
1634,0
1642,1
1646,0
1647,0
1650,0
1659,0
1664,0
1665,1
1669,0
1672,0
1677,0
1679,1
1680,1
1681,0
1682,0
1685,1
1687,0
1691,0
1694,0
1697,1
1699,0
1700,0
1702,1
1705,0
1712,0
1719,0
1734,0
1741,0
1744,1
1750,0
1751,0
1753,0
1756,1
1765,0
1772,0
1777,0
1782,0
1783,1
1789,0
1798,0
1805,1
1808,1
1811,1
1814,0
1820,0
1821,0
1828,0
1829,0
1830,0
1831,0
1833,1
1834,1
1841,0
1843,0
1846,1
1848,0
1852,1
1855,1
1856,1
1858,1
1862,1
1867,0
1874,1
1875,0
1877,1
1880,0
1883,0
1884,1
1889,0
1893,0
1894,0
1901,0
1903,0
1905,0
1916,0
1919,0
1924,0
1933,0
1934,0
1936,1
1938,0
1942,1
1945,0
1946,1
1953,0
1956,0
1958,0
1961,0
1966,0
1973,0
1977,0
1978,1
1981,1
1985,1
1986,1
1992,0
2003,1
2008,0
2009,1
2016,0
2027,1
2029,0
2048,0
2056,0
2064,1
2068,0
2069,0
2072,1
2079,0
2081,0
2089,0
2095,0
2097,0
2098,0
2100,0
2104,0
2108,0
2109,0
2112,1
2113,0
2119,0
2122,1
2125,0
2126,1
2142,0
2143,0
2148,0
2149,0
2151,0
2153,0
2154,1
2157,0
2161,0
2162,0
2165,0
2168,0
2176,0
2179,0
2180,0
2182,0
2186,0
2190,0
2192,0
2198,0
2203,1
2205,0
2207,1
2208,1
2211,0
2217,1
2220,1
2227,0
2228,0
2236,0
2239,0
2242,0
2243,0
2244,0
2248,1
2249,0
2252,0
2254,0
2259,1
2264,0
2267,0
2273,0
2277,1
2281,1
2285,1
2294,0
2295,0
2302,1
2303,0
2304,0
2306,0
2308,1
2310,0
2323,1
2325,0
2328,1
2335,0
2340,0
2341,1
2343,1
2346,1
2349,0
2361,0
2362,0
2364,0
2365,0
2389,0
2393,0
2395,0
2400,0
2402,0
2403,0
2405,0
2408,1
2409,0
2413,0
2414,0
2415,1
2419,0
2420,0
2421,0
2423,1
2427,0
2428,0
2431,0
2434,0
2436,0
2439,1
2441,0
2443,0
2444,0
2447,0
2448,0
2450,0
2454,0
2455,0
2459,0
2463,0
2466,0
2470,0
2473,0
2479,0
2483,0
2487,0
2488,0
2489,1
2492,0
2493,1
2495,0
2499,1
2503,0
2507,0
2508,0
2509,1
2517,1
2518,0
2524,0
2525,0
2527,0
2530,1
2532,0
2533,0
2538,0
2540,0
2545,0
2548,0
2549,0
2550,1
2558,0
2560,1
2561,1
2562,0
2567,1
2569,0
2570,1
2574,0
2576,0
2584,0
2586,0
2593,0
2595,1
2608,0
2613,0
2616,0
2617,0
2619,1
2626,0
2628,0
2630,1
2631,0
2632,1
2634,1
2635,0
2636,0
2638,1
2647,0
2649,0
2652,0
2654,0
2658,0
2660,0
2667,0
2672,0
2673,0
2678,0
2681,0
2685,1
2691,0
2695,0
2702,0
2704,0
2706,0
2708,0
2709,0
2714,0
2716,0
2717,1
2719,0
2720,0
2721,1
2725,0
2726,1
2727,0
2729,0
2730,0
2733,0
2738,1
2747,1
2749,0
2753,1
2755,0
2756,0
2757,0
2758,0
2761,0
2763,0
2764,0
2775,0
2778,1
2780,0
2783,1
2787,0
2789,0
2791,1
2800,1
2801,0
2805,0
2811,0
2815,0
2820,0
2824,0
2825,0
2834,0
2841,0
2842,0
2843,0
2852,1
2855,0
2861,0
2863,0
2864,0
2869,0
2877,1
2881,0
2883,0
2887,0
2890,0
2891,0
2901,1
2905,0
2908,0
2911,0
2912,0
2918,1
2919,1
2921,1
2926,0
2928,0
2929,0
2933,0
2937,0
2938,0
2940,1
2942,0
2944,0
2947,1
2948,0
2955,0
2959,0
2969,1
2971,1
2972,0
2977,1
2978,0
2984,1
2991,0
2995,0
2998,0
2999,0
3003,0
3005,0
3012,0
3014,0
3016,1
3017,0
3018,0
3020,0
3024,1
3026,0
3027,0
3033,1
3035,0
3036,0
3038,0
3043,0
3044,0
3045,0
3046,0
3051,0
3054,0
3056,0
3059,0
3061,1
3062,0
3064,0
3066,0
3068,0
3070,0
3075,0
3076,0
3077,1
3086,1
3088,1
3091,0
3092,1
3093,0
3095,0
3096,1
3097,0
3105,0
3106,0
3107,0
3113,1
3115,0
3122,0
3125,0
3127,0
3130,0
3150,1
3151,0
3154,0
3156,0
3160,0
3162,1
3164,0
3166,0
3168,0
3175,0
3177,0
3178,0
3179,0
3180,0
3182,0
3195,1
3204,1
3215,0
3219,0
3221,0
3227,0
3231,1
3232,0
3234,0
3237,1
3243,1
3244,0
3245,0
3248,0
3253,0
3255,0
3257,0
3258,0
3262,0
3263,1
3265,0
3268,0
3272,0
3281,0
3285,1
3286,0
3288,0
3289,0
3294,0
3296,0
3299,0
3300,0
3303,1
3309,0
3311,0
3316,0
3318,0
3319,0
3325,1
3335,1
3339,1
3341,0
3346,0
3347,1
3349,0
3350,1
3356,1
3357,0
3359,1
3360,0
3367,0
3370,0
3375,0
3377,0
3378,0
3381,0
3383,0
3384,0
3385,0
3388,0
3389,0
3392,0
3393,1
3399,0
3401,0
3409,0
3411,1
3415,0
3419,0
3420,0
3425,0
3438,0
3439,0
3440,0
3442,0
3444,0
3446,0
3453,0
3458,0
3463,0
3464,0
3465,0
3470,1
3472,0
3474,0
3476,0
3481,1
3494,0
3495,0
3500,1
3501,0
3507,0
3510,1
3512,0
3513,1
3527,0
3529,0
3534,0
3537,1
3538,0
3541,0
3543,1
3544,0
3548,1
3553,0
3554,0
3555,1
3559,1
3574,0
3575,1
3577,0
3580,1
3583,1
3586,1
3587,0
3588,0
3590,1
3591,0
3593,0
3597,0
3600,1
3601,0
3602,1
3603,0
3605,0
3606,0
3608,0
3612,1
3620,0
3621,1
3622,1
3627,0
3632,0
3637,0
3638,0
3639,0
3640,1
3641,0
3642,1
3643,0
3650,1
3654,0
3658,0
3663,0
3664,0
3667,0
3670,1
3671,0
3673,0
3683,0
3687,1
3688,0
3691,1
3692,0
3699,0
3702,0
3703,0
3715,0
3717,0
3718,1
3720,0
3727,0
3730,0
3731,0
3734,0
3737,0
3738,0
3739,0
3743,0
3746,1
3747,0
3749,0
3753,0
3755,1
3759,0
3761,0
3763,0
3767,1
3769,0
3773,0
3780,0
3782,0
3784,0
3791,0
3792,1
3794,1
3795,1
3796,1
3802,0
3806,0
3810,0
3814,0
3818,1
3820,0
3821,0
3822,0
3826,0
3828,0
3829,0
3831,0
3833,0
3837,0
3840,0
3841,0
3843,1
3849,0
3862,0
3864,0
3869,0
3873,0
3876,0
3877,0
3879,0
3880,0
3881,1
3888,0
3896,0
3899,0
3901,1
3903,0
3904,0
3907,1
3908,0
3910,0
3911,0
3913,1
3917,0
3919,1
3923,0
3927,1
3932,0
3933,0
3934,0
3935,0
3936,0
3937,0
3938,0
3940,1
3941,0
3946,1
3948,0
3950,0
3952,0
3954,1
3955,0
3959,0
3962,1
3964,1
3965,0
3966,0
3967,0
3972,0
3973,0
3977,0
3978,1
3982,1
3985,0
3990,1
3991,0
3992,0
3997,0
4005,0
4006,0
4012,1
4014,0
4018,0
4020,1
4023,0
4024,0
4025,0
4027,1
4036,0
4039,0
4048,0
4050,0
4058,0
4065,1
4070,0
4071,0
4074,0
4078,0
4079,0
4080,0
4086,1
4090,1
4096,0
4106,0
4107,0
4108,0
4110,1
4114,0
4121,0
4122,0
4123,0
4124,1
4127,1
4128,0
4134,0
4135,0
4138,0
4141,0
4145,1
4148,0
4150,1
4151,0
4152,0
4153,0
4155,0
4156,0
4158,0
4159,0
4172,0
4174,0
4177,0
4182,0
4183,1
4185,0
4187,0
4188,1
4190,0
4192,0
4194,1
4198,0
4200,0
4203,1
4204,0
4209,0
4215,0
4220,0
4223,0
4234,0
4242,1
4244,0
4248,0
4250,0
4255,1
4257,0
4262,0
4263,0
4264,0
4266,0
4272,0
4276,0
4278,0
4280,0
4281,0
4282,0
4288,0
4289,1
4292,0
4293,0
4306,1
4310,1
4311,1
4322,0
4330,0
4334,0
4335,1
4337,0
4338,1
4339,1
4349,1
4350,1
4351,0
4354,0
4355,0
4361,0
4362,0
4365,0
4375,1
4379,1
4380,0
4388,1
4390,1
4392,1
4393,1
4394,0
4395,1
4400,0
4409,0
4413,0
4417,0
4419,1
4421,0
4435,0
4440,1
4446,0
4449,1
4451,0
4452,0
4453,0
4455,0
4456,0
4459,1
4460,1
4468,0
4469,0
4473,0
4474,0
4475,0
4481,0
4488,0
4495,1
4496,0
4497,0
4498,0
4502,0
4503,0
4509,0
4511,1
4514,0
4515,1
4522,0
4524,0
4526,0
4528,0
4531,1
4541,0
4543,1
4550,0
4557,0
4558,1
4560,0
4561,0
4566,0
4567,0
4571,0
4573,0
4574,0
4577,1
4581,1
4584,0
4585,1
4586,0
4588,0
4590,0
4598,1
4600,0
4602,0
4615,0
4617,1
4618,0
4623,0
4625,1
4627,0
4628,0
4630,0
4633,0
4635,1
4636,0
4637,0
4641,0
4642,0
4647,0
4649,0
4653,0
4654,0
4655,1
4657,0
4661,0
4662,0
4663,0
4665,0
4674,0
4676,0
4684,1
4686,0
4688,0
4692,1
4694,0
4697,1
4701,1
4704,1
4707,0
4714,0
4717,0
4725,0
4732,0
4741,0
4744,0
4755,1
4757,0
4760,1
4763,0
4766,0
4769,0
4775,1
4777,0
4778,1
4783,0
4788,0
4794,0
4799,0
4801,0
4803,0
4804,0
4808,0
4810,0
4814,0
4820,1
4822,0
4824,0
4825,1
4826,0
4827,0
4838,0
4842,0
4844,0
4845,0
4850,0
4851,0
4853,0
4862,0
4863,0
4869,0
4875,0
4889,0
4892,0
4900,0
4904,0
4905,0
4906,0
4914,1
4918,0
4922,1
4924,0
4931,1
4932,0
4934,0
4938,0
4942,1
4944,0
4945,1
4947,1
4949,0
4955,1
4957,0
4969,0
4974,0
4982,0
4983,0
4986,0
4987,0
4991,1
4996,0
4998,0
5000,0
5004,0
5006,0
5008,1
5009,1
5014,0
5016,0
5019,0
5020,0
5022,0
5023,0
5024,0
5025,0
5030,0
5032,0
5033,0
5034,0
5038,0
5048,0
5050,1
5052,0
5053,0
5057,0
5073,0
5074,1
5078,0
5082,0
5083,0
5086,0
5087,1
5091,0
5097,0
5099,0
5101,0
5102,1
5104,0
5105,0
5107,0
5110,0
5112,0
5115,0
5117,1
5120,0
5123,0
5124,0
5127,1
5131,0
5133,1
5134,0
5136,1
5141,0
5146,1
5147,0
5151,0
5155,1
5162,1
5166,0
5167,1
5170,0
5173,0
5175,0
5176,1
5179,0
5182,0
5185,0
5189,1
5190,1
5193,1
5195,0
5201,0
5203,0
5208,1
5214,0
5215,0
5218,1
5219,0
5233,0
5237,1
5239,0
5240,0
5242,0
5243,0
5246,0
5247,0
5259,0
5267,0
5271,0
5272,0
5276,0
5278,1
5279,0
5283,1
5286,0
5287,0
5294,0
5296,0
5297,0
5300,0
5305,0
5308,0
5310,0
5313,0
5314,0
5320,0
5322,0
5324,0
5326,0
5330,0
5332,0
5342,0
5344,1
5345,0
5349,0
5353,0
5357,0
5359,0
5360,0
5367,0
5379,0
5381,1
5385,0
5389,0
5398,0
5401,0
5403,0
5410,0
5415,0
5416,0
5417,1
5419,0
5422,0
5425,0
5430,0
5431,0
5432,0
5434,0
5436,0
5441,0
5445,0
5448,0
5451,0
5452,0
5458,1
5459,1
5465,0
5467,0
5470,1
5471,0
5476,0
5479,0
5485,0
5488,0
5490,1
5493,0
5497,0
5498,1
5503,1
5504,0
5505,1
5506,0
5508,1
5509,0
5511,0
5513,0
5522,1
5528,0
5529,1
5539,0
5541,0
5543,0
5547,1
5550,0
5551,0
5564,1
5568,1
5572,0
5573,0
5577,0
5578,0
5580,0
5581,1
5583,0
5592,0
5594,0
5597,0
5598,0
5603,0
5606,0
5607,0
5609,0
5615,0
5620,0
5627,1
5629,0
5631,1
5633,0
5636,1
5638,0
5639,0
5640,1
5641,0
5643,0
5644,1
5645,0
5647,1
5655,0
5657,1
5661,0
5664,0
5669,0
5672,0
5674,0
5678,1
5680,0
5682,0
5683,0
5685,1
5687,0
5695,0
5698,0
5707,0
5708,1
5715,0
5725,0
5726,0
5731,0
5738,0
5742,0
5743,0
5745,0
5748,0
5749,0
5750,0
5751,1
5756,1
5758,0
5764,0
5770,0
5777,0
5779,0
5781,0
5787,0
5793,0
5795,0
5799,1
5800,0
5804,0
5807,0
5809,0
5814,0
5820,0
5822,1
5824,0
5827,0
5829,0
5831,1
5832,0
5836,0
5841,0
5844,0
5845,0
5846,0
5849,1
5854,1
5857,0
5859,0
5860,0
5863,0
5864,1
5865,0
5875,0
5878,1
5880,0
5883,0
5884,0
5885,0
5887,0
5892,1
5893,0
5895,0
5900,1
5904,0
5908,0
5909,1
5911,1
5913,1
5915,0
5917,1
5926,0
5927,1
5936,0
5937,0
5939,0
5941,1
5943,1
5944,0
5945,0
5946,0
5948,0
5950,0
5953,1
5960,0
5964,0
5965,0
5971,0
5977,0
5993,1
5995,0
5997,1
6005,1
6007,0
6009,1
6012,0
6015,1
6018,0
6020,0
6022,1
6031,0
6034,0
6037,1
6038,0
6039,0
6045,1
6049,0
6055,1
6056,0
6060,0
6061,1
6063,0
6065,0
6084,0
6086,0
6093,1
6098,0
6100,0
6104,1
6105,0
6106,1
6113,0
6114,1
6116,0
6118,0
6119,1
6122,1
6123,0
6128,1
6129,0
6137,0
6138,0
6147,0
6151,0
6152,1
6155,0
6157,1
6162,0
6164,0
6171,0
6173,0
6177,0
6182,0
6185,0
6195,0
6196,0
6198,0
6202,1
6203,0
6210,0
6219,1
6220,1
6224,0
6228,0
6229,0
6237,1
6239,0
6241,0
6248,1
6250,0
6257,0
6258,0
6261,0
6268,0
6269,0
6275,1
6277,0
6278,0
6282,0
6293,0
6297,1
6299,0
6303,0
6309,0
6311,0
6314,1
6316,0
6323,0
6326,0
6332,1
6337,0
6342,1
6344,0
6351,1
6356,0
6357,0
6362,0
6364,0
6377,1
6383,0
6384,0
6387,0
6388,0
6389,0
6394,0
6408,0
6412,1
6417,0
6418,0
6419,0
6420,0
6423,0
6424,0
6425,1
6429,0
6430,0
6443,0
6455,0
6458,1
6459,0
6460,1
6463,1
6466,0
6469,0
6479,0
6480,0
6481,1
6483,1
6486,1
6491,1
6494,0
6501,0
6502,0
6509,0
6512,1
6513,1
6517,0
6521,1
6522,1
6525,0
6526,1
6529,0
6534,0
6536,0
6544,0
6547,0
6550,0
6552,0
6554,0
6556,0
6558,0
6568,0
6571,0
6575,0
6577,0
6585,0
6589,0
6595,1
6597,0
6601,0
6611,0
6613,0
6629,1
6630,0
6631,1
6634,0
6635,0
6636,1
6638,1
6641,0
6646,0
6649,0
6657,0
6659,0
6662,1
6664,1
6667,0
6668,0
6671,1
6672,0
6673,1
6675,0
6676,1
6687,0
6689,0
6692,0
6693,1
6694,0
6696,0
6699,0
6703,0
6707,0
6708,0
6709,0
6714,1
6718,1
6722,0
6725,0
6726,1
6732,1
6736,0
6737,0
6738,0
6740,1
6744,1
6745,0
6748,0
6749,0
6752,0
6759,0
6762,0
6763,0
6764,0
6767,0
6768,0
6771,1
6774,1
6778,0
6782,1
6784,1
6785,0
6789,0
6791,0
6796,0
6800,0
6804,0
6805,0
6809,0
6811,0
6812,0
6814,1
6837,0
6839,0
6846,0
6851,0
6856,0
6858,1
6867,0
6872,0
6873,0
6874,0
6876,1
6877,1
6880,1
6885,0
6886,0
6888,0
6889,0
6892,0
6894,0
6895,0
6897,0
6900,1
6911,1
6912,0
6914,0
6918,0
6919,0
6920,0
6924,1
6925,0
6932,1
6947,0
6952,0
6954,1
6956,1
6957,0
6963,1
6964,0
6966,1
6968,0
6970,0
6975,0
6977,0
6981,0
6982,0
6984,1
6986,0
6987,0
6988,1
6992,0
6997,1
6999,0
7001,0
7004,1
7011,0
7012,0
7022,0
7023,0
7024,0
7037,0
7038,0
7041,0
7043,0
7048,0
7049,0
7059,0
7066,0
7068,0
7069,0
7079,0
7080,0
7083,0
7085,0
7094,0
7095,0
7097,0
7102,0
7107,0
7108,0
7109,0
7119,0
7120,1
7125,0
7134,0
7139,0
7143,0
7146,0
7147,0
7153,0
7155,1
7159,0
7160,0
7162,0
7163,0
7171,0
7172,1
7174,1
7175,0
7180,0
7181,0
7186,1
7187,1
7188,0
7193,0
7194,0
7195,1
7196,0
7199,1
7208,0
7209,0
7211,0
7215,0
7218,0
7221,0
7222,0
7224,1
7226,1
7229,0
7230,0
7237,0
7242,0
7243,1
7245,0
7247,0
7248,0
7260,1
7261,0
7263,0
7267,0
7271,1
7272,0
7273,0
7278,1
7280,0
7281,0
7284,0
7286,0
7287,1
7293,0
7294,0
7295,1
7304,0
7307,0
7309,0
7314,0
7316,0
7317,0
7318,0
7324,0
7325,0
7329,0
7331,0
7332,0
7333,0
7335,1
7340,1
7341,0
7342,0
7346,0
7349,1
7351,0
7358,1
7360,0
7361,1
7362,0
7376,0
7384,0
7390,0
7391,1
7392,1
7394,0
7401,0
7409,0
7410,1
7419,1
7422,0
7423,0
7424,1
7427,0
7440,0
7442,0
7448,0
7451,0
7454,0
7456,0
7460,0
7462,0
7464,1
7465,0
7467,1
7468,1
7472,0
7474,0
7477,1
7479,0
7481,0
7483,0
7484,1
7485,0
7487,0
7488,1
7491,0
7493,1
7495,1
7499,0
7508,1
7513,1
7516,0
7518,0
7520,0
7526,0
7531,0
7534,0
7540,1
7547,0
7556,0
7557,0
7558,0
7560,0
7562,0
7563,1
7564,0
7574,0
7577,1
7586,0
7587,0
7592,0
7594,0
7599,1
7600,1
7604,0
7605,0
7606,1
7608,0
7609,1
7611,0
7613,0
7618,1
7621,1
7628,0
7629,0
7632,1
7639,0
7646,0
7651,0
7654,0
7665,0
7668,1
7672,0
7681,0
7685,0
7687,0
7692,0
7693,0
7694,0
7696,0
7707,1
7712,1
7724,0
7733,0
7734,0
7735,0
7739,0
7742,1
7744,0
7747,0
7749,1
7750,1
7753,0
7754,0
7758,0
7760,0
7765,1
7769,1
7771,0
7776,1
7777,1
7778,0
7779,0
7782,0
7785,0
7790,0
7792,1
7805,0
7806,1
7809,0
7823,0
7824,0
7830,0
7833,0
7835,0
7842,0
7843,0
7845,0
7847,0
7849,0
7850,0
7851,1
7854,0
7858,0
7859,0
7861,1
7864,0
7868,0
7874,0
7876,0
7877,0
7882,0
7886,1
7889,0
7894,1
7895,0
7902,0
7904,0
7906,0
7907,0
7912,1
7913,0
7920,0
7922,0
7924,0
7926,1
7928,1
7930,0
7931,0
7938,0
7948,0
7959,0
7961,0
7963,0
7968,0
7972,0
7973,1
7976,1
7983,0
7986,0
7987,0
7996,0
8000,0
8003,0
8004,1
8007,1
8010,1
8015,1
8022,0
8024,0
8025,0
8027,0
8028,0
8032,0
8034,0
8036,1
8040,1
8041,1
8042,0
8049,0
8057,1
8061,0
8064,0
8067,1
8070,1
8072,1
8075,0
8077,1
8078,0
8080,0
8081,1
8086,1
8087,1
8094,1
8096,0
8101,0
8103,0
8108,0
8109,1
8115,0
8117,1
8123,1
8124,0
8125,0
8129,0
8132,0
8133,0
8135,0
8136,0
8143,0
8149,0
8152,1
8159,0
8167,0
8168,0
8172,0
8176,1
8185,1
8186,1
8187,0
8191,0
8193,1
8194,1
8198,0
8199,0
8204,1
8206,0
8207,0
8210,0
8212,0
8220,1
8222,0
8225,0
8226,0
8229,0
8230,1
8250,0
8251,1
8252,0
8253,0
8255,0
8256,1
8258,1
8259,0
8261,0
8268,0
8277,0
8285,0
8288,0
8289,0
8296,1
8298,0
8299,0
8300,0
8301,0
8302,1
8303,0
8310,0
8314,0
8326,0
8327,0
8330,1
8333,0
8337,0
8351,1
8354,0
8357,1
8365,0
8370,0
8371,0
8376,0
8377,0
8379,0
8385,0
8396,0
8398,0
8401,0
8404,0
8406,0
8407,0
8409,0
8410,0
8411,1
8415,1
8416,1
8419,1
8424,1
8425,0
8426,0
8431,0
8434,1
8437,0
8446,0
8451,1
8460,0
8461,0
8462,0
8469,1
8477,0
8478,1
8482,0
8486,0
8487,1
8493,0
8494,0
8505,0
8506,1
8508,0
8511,0
8515,0
8516,0
8519,0
8522,0
8523,0
8527,0
8532,1
8534,0
8538,0
8540,0
8541,0
8543,1
8545,1
8547,1
8548,0
8550,0
8555,0
8556,0
8560,1
8569,0
8570,1
8572,0
8576,0
8577,0
8579,1
8582,0
8589,1
8594,0
8598,0
8599,0
8601,0
8602,0
8605,0
8608,1
8609,0
8614,0
8615,0
8619,1
8620,0
8625,1
8639,1
8642,0
8643,0
8645,1
8646,0
8648,1
8653,0
8672,0
8675,0
8678,0
8681,0
8684,0
8686,0
8693,0
8705,0
8706,0
8709,0
8711,0
8712,0
8715,0
8722,0
8723,0
8724,1
8727,0
8731,0
8735,0
8736,0
8741,0
8747,0
8753,1
8754,0
8755,1
8758,0
8763,1
8766,0
8771,0
8772,0
8773,0
8774,0
8775,0
8779,0
8783,1
8787,0
8791,0
8795,0
8797,0
8799,0
8806,0
8808,1
8817,0
8819,0
8821,0
8824,0
8827,0
8828,1
8829,0
8835,0
8837,0
8839,0
8840,0
8842,0
8845,0
8846,0
8849,1
8852,0
8854,0
8856,0
8857,0
8858,0
8867,1
8873,0
8874,0
8875,0
8877,1
8887,0
8888,0
8889,1
8896,0
8898,0
8900,0
8901,1
8907,1
8908,0
8911,0
8914,0
8916,0
8921,1
8922,0
8929,1
8933,0
8935,0
8937,0
8938,0
8939,0
8944,0
8950,0
8951,0
8952,0
8956,1
8957,0
8959,0
8960,0
8962,1
8963,0
8970,0
8975,0
8976,0
8979,0
8983,1
8988,1
8990,0
8994,0
8996,0
9000,0
9004,1
9007,1
9015,1
9021,0
9027,1
9031,0
9037,0
9039,0
9040,0
9041,0
9044,0
9045,0
9046,0
9047,1
9051,1
9056,0
9058,0
9073,1
9077,0
9080,0
9085,0
9086,0
9088,0
9092,0
9094,0
9097,0
9099,0
9100,1
9107,0
9110,1
9115,1
9122,0
9125,0
9128,0
9130,0
9133,0
9139,0
9144,0
9149,1
9153,0
9161,0
9170,1
9173,0
9174,0
9175,0
9181,0
9186,1
9188,0
9189,0
9192,0
9197,0
9198,0
9199,0
9206,0
9208,0
9216,0
9217,1
9221,0
9224,0
9225,0
9226,0
9230,1
9233,0
9238,0
9240,0
9249,1
9250,0
9252,1
9256,1
9257,1
9258,1
9264,0
9267,0
9270,0
9272,0
9287,0
9288,0
9289,0
9295,1
9296,0
9302,0
9304,0
9306,0
9312,0
9315,1
9318,0
9327,0
9330,0
9331,0
9332,0
9333,0
9334,0
9335,0
9338,0
9339,0
9341,1
9346,0
9347,0
9348,0
9350,0
9354,0
9355,0
9357,0
9360,1
9364,0
9367,1
9368,0
9374,0
9375,1
9385,0
9387,0
9389,1
9398,0
9406,1
9408,0
9409,1
9415,0
9416,0
9419,1
9426,1
9430,0
9435,0
9437,0
9443,1
9444,0
9446,0
9448,1
9449,1
9453,0
9454,0
9455,1
9461,1
9462,1
9464,0
9467,0
9469,0
9474,0
9484,0
9485,1
9492,0
9493,0
9495,0
9500,1
9502,0
9503,0
9505,0
9506,1
9511,0
9515,1
9516,1
9517,0
9519,0
9521,0
9524,0
9526,0
9531,0
9539,0
9541,0
9547,1
9548,0
9551,0
9554,0
9555,1
9558,0
9561,0
9564,0
9565,0
9570,0
9575,1
9581,1
9585,0
9589,0
9592,0
9606,1
9608,0
9610,0
9612,1
9618,0
9625,0
9627,0
9628,0
9635,1
9643,0
9644,1
9646,0
9653,0
9654,0
9655,1
9657,0
9662,0
9667,1
9671,1
9672,0
9678,0
9679,1
9681,0
9684,1
9685,0
9686,0
9689,1
9692,0
9694,1
9695,0
9696,0
9698,0
9699,1
9701,0
9710,0
9712,0
9715,1
9716,1
9718,0
9720,0
9723,0
9724,0
9729,0
9732,0
9738,1
9741,1
9744,1
9750,0
9752,1
9755,1
9758,0
9759,0
9766,1
9771,1
9777,1
9778,0
9783,1
9786,0
9787,0
9793,1
9794,0
9800,1
9801,0
9803,0
9807,0
9808,0
9814,0
9815,0
9817,0
9818,1
9819,0
9823,1
9830,1
9832,0
9836,0
9839,0
9845,1
9848,0
9851,0
9853,0
9857,0
9860,0
9861,0
9862,1
9863,1
9864,1
9870,0
9872,0
9874,1
9876,0
9877,0
9878,1
9880,0
9889,0
9892,0
9897,1
9907,0
9912,1
9923,0
9924,0
9925,1
9927,1
9935,0
9937,0
9942,1
9944,0
9945,1
9947,1
9956,0
9958,0
9962,0
9963,1
9965,0
9966,1
9968,0
9969,1
9972,0
9973,0
9981,0
9991,1
9995,0
10003,0
10008,0
10011,1
10012,1
10014,1
10016,0
10018,0
10020,0
10023,1
10025,0
10028,0
10041,0
10045,1
10046,0
10047,0
10048,0
10054,0
10056,0
10058,0
10061,1
10066,1
10069,1
10071,1
10073,0
10076,0
10078,0
10080,0
10081,0
10082,0
10091,0
10092,0
10100,0
10101,1
10102,0
10108,0
10110,0
10112,1
10113,1
10117,0
10120,0
10123,0
10131,0
10134,0
10138,1
10143,0
10144,0
10145,0
10151,0
10153,0
10154,0
10155,0
10158,0
10160,0
10161,0
10163,0
10168,0
10169,0
10173,0
10174,0
10175,0
10178,0
10180,0
10182,0
10190,0
10196,0
10200,1
10204,0
10205,0
10207,0
10210,1
10212,1
10213,1
10221,0
10227,0
10228,0
10230,1
10231,0
10233,0
10235,0
10239,0
10241,1
10242,1
10245,0
10254,0
10258,0
10259,0
10261,0
10264,1
10269,0
10279,0
10281,1
10287,1
10289,0
10292,0
10294,0
10297,0
10298,1
10305,0
10306,0
10308,0
10312,1
10316,0
10320,0
10324,0
10327,0
10329,0
10330,0
10331,0
10333,0
10334,0
10336,0
10342,1
10348,1
10349,1
10350,0
10351,0
10352,0
10359,0
10365,0
10366,1
10370,0
10371,0
10375,0
10380,1
10391,0
10393,0
10394,0
10396,0
10399,0
10400,0
10403,1
10405,0
10406,0
10412,0
10418,0
10419,0
10425,1
10431,0
10437,0
10441,0
10443,0
10446,0
10449,1
10452,0
10456,0
10458,0
10466,0
10467,0
10470,0
10474,0
10481,0
10483,1
10484,0
10485,0
10489,1
10493,0
10495,1
10497,0
10502,0
10504,1
10506,1
10509,0
10513,0
10516,0
10520,1
10524,0
10532,0
10533,1
10534,0
10535,0
10538,1
10539,0
10540,0
10548,0
10549,0
10575,0
10582,0
10583,0
10588,0
10590,0
10591,0
10613,0
10617,1
10631,1
10634,1
10636,0
10638,0
10640,1
10643,0
10644,0
10645,1
10646,0
10649,0
10652,0
10654,0
10657,1
10658,1
10661,0
10664,0
10666,0
10667,0
10668,0
10672,0
10676,0
10680,0
10681,0
10683,0
10686,0
10691,0
10693,0
10694,0
10699,1
10702,1
10703,0
10709,0
10711,0
10714,0
10720,0
10721,0
10723,1
10724,0
10732,0
10733,0
10741,0
10743,0
10744,0
10745,1
10751,1
10752,1
10760,0
10761,0
10764,0
10769,0
10773,0
10775,0
10777,0
10779,1
10785,0
10786,0
10787,0
10792,0
10796,0
10799,0
10800,0
10801,1
10812,1
10814,0
10815,1
10816,1
10823,0
10828,0
10830,0
10831,0
10834,0
10837,0
10839,0
10841,1
10844,0
10854,0
10857,0
10858,0
10859,0
10860,0
10867,0
10869,0
10871,0
10873,1
10877,0
10878,1
10881,0
10884,1
10887,0
10888,0
10892,0
10893,1
10894,0
10896,0
10899,1
10910,0
10911,0
10912,1
10922,0
10937,1
10939,0
10940,0
10944,0
10947,1
10948,1
10949,0
10952,1
10961,0
10963,0
10968,0
10977,0
10978,0
10980,0
10984,1
10985,1
10989,0
10991,1
10993,0
10995,0
10996,1
10998,0
10999,0
11001,0
11004,0
11007,0
11018,0
11019,0
11020,1
11022,0
11028,0
11029,0
11034,0
11038,1
11042,0
11047,0
11048,1
11049,0
11052,0
11054,0
11055,0
11061,1
11062,0
11063,0
11067,0
11077,1
11078,0
11081,0
11084,0
11087,0
11090,1
11092,0
11093,1
11094,0
11095,0
11103,0
11107,0
11115,0
11118,0
11121,0
11122,1
11126,0
11132,0
11134,0
11136,0
11138,1
11140,1
11144,0
11148,0
11149,0
11155,0
11157,0
11158,1
11161,0
11164,0
11176,0
11178,0
11184,1
11185,0
11186,1
11187,0
11190,1
11193,0
11198,0
11202,1
11203,1
11205,1
11206,0
11207,1
11208,0
11209,0
11211,0
11215,0
11217,1
11223,0
11226,0
11239,0
11247,0
11253,0
11254,0
11256,0
11261,0
11269,1
11277,0
11281,0
11285,0
11286,0
11287,1
11288,0
11290,0
11292,0
11297,0
11301,0
11306,0
11307,0
11308,1
11309,0
11313,1
11314,0
11316,0
11318,0
11321,0
11323,0
11328,0
11334,0
11338,1
11351,0
11352,1
11353,0
11354,0
11358,1
11367,0
11368,1
11369,0
11370,0
11374,0
11380,0
11381,0
11382,0
11383,1
11384,0
11387,0
11389,0
11402,0
11406,0
11408,0
11409,0
11412,0
11416,0
11419,0
11420,1
11421,0
11425,1
11428,1
11431,0
11435,1
11442,0
11447,0
11448,1
11453,0
11463,0
11467,0
11468,1
11475,1
11477,0
11480,1
11481,1
11485,0
11487,0
11489,1
11496,0
11499,0
11500,0
11501,0
11502,1
11503,1
11506,1
11507,0
11512,1
11513,0
11514,1
11518,0
11524,1
11535,1
11537,0
11546,0
11547,1
11549,0
11553,0
11556,0
11562,0
11572,0
11580,0
11589,0
11602,0
11604,0
11610,0
11613,1
11615,0
11619,1
11626,0
11628,0
11629,0
11632,0
11634,0
11635,0
11639,0
11640,1
11655,1
11662,0
11667,0
11670,1
11673,1
11681,0
11685,0
11686,0
11688,0
11689,1
11690,0
11698,0
11709,0
11712,1
11713,1
11714,0
11715,0
11716,0
11717,1
11719,0
11726,0
11727,1
11737,1
11744,0
11746,0
11751,0
11753,1
11759,1
11760,0
11762,0
11763,0
11764,0
11768,0
11770,1
11771,0
11773,0
11775,1
11776,0
11785,1
11789,0
11791,1
11794,0
11799,0
11818,0
11819,0
11823,0
11824,1
11831,1
11838,0
11840,0
11845,0
11849,0
11856,0
11857,0
11863,0
11864,0
11865,0
11868,0
11870,0
11872,0
11873,1
11874,1
11878,0
11879,1
11880,0
11882,1
11883,0
11892,0
11895,0
11896,0
11907,0
11913,0
11915,0
11916,0
11920,0
11926,0
11927,0
11928,0
11936,0
11940,0
11945,0
11946,0
11947,0
11948,1
11949,0
11950,0
11956,0
11959,0
11960,1
11967,1
11973,0
11974,1
11976,0
11978,0
11984,0
11988,0
11990,1
11996,0
11997,0
11998,0
12001,0
12003,0
12006,0
12011,1
12014,0
12016,0
12022,0
12026,0
12029,0
12031,0
12038,1
12039,1
12041,0
12043,0
12045,1
12047,0
12050,0
12056,1
12058,0
12059,0
12068,1
12071,1
12075,0
12083,0
12085,0
12089,0
12094,0
12096,0
12098,0
12101,0
12103,1
12115,0
12121,0
12124,0
12126,1
12127,0
12128,1
12134,0
12135,0
12136,0
12138,0
12141,0
12142,0
12143,0
12145,0
12147,0
12150,0
12151,0
12152,0
12153,1
12156,1
12158,0
12161,0
12164,1
12166,0
12169,0
12170,0
12181,0
12183,0
12184,0
12185,0
12186,0
12187,0
12200,0
12210,1
12211,1
12215,0
12220,0
12221,0
12222,0
12228,0
12233,0
12237,1
12241,0
12243,0
12246,0
12249,0
12250,0
12252,1
12258,0
12263,1
12264,0
12268,0
12270,0
12273,1
12277,0
12281,1
12284,0
12292,0
12295,0
12298,0
12301,0
12302,0
12306,0
12308,0
12309,0
12313,0
12315,0
12317,1
12319,0
12323,0
12324,0
12328,1
12329,0
12336,0
12338,0
12339,0
12341,1
12343,0
12352,0
12358,0
12361,0
12363,0
12365,0
12369,0
12370,0
12374,0
12377,0
12380,0
12381,0
12384,1
12386,0
12390,0
12392,0
12402,0
12404,1
12405,0
12414,0
12416,1
12419,0
12424,0
12426,0
12427,1
12428,0
12431,0
12434,0
12443,0
12449,0
12450,0
12451,0
12454,0
12455,0
12458,0
12465,1
12466,0
12471,0
12476,0
12480,0
12498,1
12499,0
12501,0
12506,0
12509,0
12512,0
12513,0
12523,0
12525,0
12527,0
12528,1
12530,0
12536,0
12550,0
12560,0
12566,0
12568,1
12570,0
12574,0
12576,0
12581,1
12584,0
12591,1
12596,0
12597,0
12601,0
12605,1
12608,0
12610,0
12612,0
12615,0
12616,0
12617,0
12618,0
12620,1
12621,0
12623,0
12625,0
12626,0
12644,1
12650,0
12653,0
12658,0
12660,0
12661,0
12663,0
12668,0
12675,1
12678,0
12684,0
12691,1
12695,0
12696,0
12704,0
12708,0
12715,0
12728,0
12732,0
12734,0
12740,0
12743,0
12745,0
12752,0
12755,1
12756,0
12760,0
12765,1
12767,1
12768,0
12773,0
12781,0
12786,0
12789,0
12794,0
12797,1
12808,1
12815,0
12818,0
12823,0
12824,0
12827,1
12830,0
12831,0
12832,0
12833,0
12834,1
12835,0
12836,0
12838,1
12840,1
12848,0
12849,0
12851,0
12852,1
12853,0
12855,0
12856,0
12857,1
12865,0
12871,0
12872,0
12874,1
12883,1
12893,0
12896,0
12897,1
12898,0
12899,0
12900,0
12904,1
12908,1
12911,0
12913,0
12916,1
12917,1
12925,0
12932,0
12936,0
12938,0
12939,0
12946,0
12949,0
12955,0
12956,1
12964,1
12966,1
12967,0
12975,0
12976,1
12979,0
12980,0
12981,0
12987,0
12989,0
12992,0
13004,1
13005,0
13008,1
13009,1
13010,0
13016,0
13019,0
13020,0
13021,1
13024,0
13031,0
13040,0
13042,0
13046,0
13049,1
13050,0
13051,1
13055,0
13056,0
13060,1
13061,1
13062,0
13063,0
13070,0
13071,0
13083,1
13088,0
13089,0
13091,0
13092,0
13094,0
13096,0
13098,1
13100,1
13106,0
13107,0
13109,0
13110,0
13112,0
13113,0
13114,0
13122,0
13123,0
13125,0
13128,1
13129,0
13130,0
13133,0
13135,0
13136,0
13141,1
13144,0
13148,0
13150,1
13152,0
13154,0
13155,0
13156,1
13159,0
13160,0
13163,0
13168,0
13170,0
13172,0
13181,0
13183,1
13186,0
13187,0
13194,1
13201,0
13202,1
13209,0
13211,0
13212,1
13213,0
13222,0
13225,0
13227,0
13232,0
13235,1
13237,0
13242,1
13248,0
13251,1
13256,1
13257,0
13259,1
13262,0
13272,0
13273,0
13274,0
13275,0
13276,0
13280,1
13281,1
13283,1
13295,1
13296,0
13298,0
13299,0
13300,0
13304,0
13305,0
13306,0
13310,0
13312,0
13315,1
13320,0
13327,0
13332,1
13334,0
13338,0
13342,0
13343,0
13346,0
13347,0
13349,0
13350,0
13353,0
13355,1
13356,0
13360,0
13368,0
13372,0
13375,0
13377,1
13387,0
13390,1
13397,0
13401,0
13402,1
13405,0
13407,0
13409,0
13412,0
13414,0
13415,0
13416,0
13418,0
13419,0
13424,0
13427,0
13430,1
13432,0
13434,0
13437,0
13442,0
13443,0
13446,0
13450,0
13451,0
13453,0
13457,0
13462,0
13463,0
13466,0
13468,0
13472,1
13473,0
13476,0
13478,1
13479,0
13481,1
13482,0
13483,0
13487,0
13488,0
13489,0
13490,0
13494,0
13495,1
13497,0
13500,0
13501,0
13504,0
13506,0
13509,0
13512,0
13514,0
13518,1
13519,0
13522,1
13529,0
13532,0
13534,1
13535,1
13537,1
13544,1
13545,0
13551,0
13552,0
13553,0
13556,0
13563,0
13568,1
13571,0
13575,1
13576,1
13581,1
13584,1
13590,0
13596,0
13599,1
13601,0
13603,0
13606,0
13609,0
13614,0
13622,0
13626,0
13629,0
13641,1
13646,0
13653,0
13658,0
13659,1
13667,0
13670,1
13674,0
13675,0
13677,1
13679,1
13680,0
13682,0
13685,1
13687,1
13688,0
13691,0
13693,0
13700,0
13701,0
13709,1
13712,0
13718,0
13723,0
13725,0
13727,1
13728,1
13732,0
13733,0
13736,0
13737,0
13738,0
13740,0
13748,0
13757,0
13763,0
13774,0
13776,0
13778,0
13779,0
13780,0
13784,0
13787,0
13788,0
13794,0
13797,1
13800,0
13805,0
13806,1
13809,1
13810,0
13814,1
13816,0
13818,0
13827,0
13830,0
13833,0
13834,0
13838,1
13842,0
13844,0
13850,0
13851,0
13856,1
13857,1
13861,0
13873,0
13879,0
13883,1
13885,0
13887,0
13890,0
13892,0
13895,1
13898,0
13899,1
13901,0
13903,1
13904,0
13905,0
13909,1
13911,0
13913,0
13918,1
13925,0
13927,0
13929,1
13931,0
13932,0
13934,0
13935,1
13941,1
13947,1
13949,1
13951,1
13958,0
13959,0
13962,0
13973,0
13974,1
13979,0
13982,0
13990,0
13991,0
13997,0
14005,0
14015,1
14026,0
14031,0
14033,0
14034,0
14038,0
14039,0
14040,0
14048,1
14050,0
14053,0
14056,1
14057,1
14058,0
14066,1
14070,0
14074,0
14078,0
14079,1
14080,1
14081,0
14083,0
14095,0
14096,1
14098,1
14100,0
14102,0
14103,0
14108,0
14111,1
14114,0
14117,0
14118,0
14119,0
14130,1
14132,1
14134,0
14136,0
14139,0
14141,1
14143,0
14146,0
14151,0
14152,0
14154,1
14155,0
14157,0
14162,0
14166,1
14167,1
14169,0
14171,0
14172,1
14174,0
14178,0
14180,0
14185,0
14186,1
14191,0
14194,0
14202,1
14204,0
14208,1
14213,0
14218,0
14220,1
14221,1
14222,0
14223,0
14226,0
14227,1
14229,0
14230,1
14239,1
14241,0
14243,0
14244,0
14246,0
14248,1
14253,1
14265,1
14269,0
14270,0
14276,0
14281,0
14282,0
14283,0
14287,0
14290,0
14293,1
14294,0
14295,0
14296,1
14301,0
14310,0
14311,0
14313,1
14314,0
14321,0
14326,0
14328,1
14333,0
14334,1
14336,0
14338,0
14339,1
14341,0
14345,1
14346,0
14348,0
14350,1
14353,0
14354,1
14356,0
14358,0
14360,0
14363,1
14365,0
14372,1
14382,0
14383,0
14388,1
14391,1
14392,1
14394,0
14395,0
14397,1
14401,1
14404,0
14408,0
14411,0
14419,1
14421,0
14433,0
14439,0
14442,0
14443,0
14447,0
14457,1
14459,0
14462,1
14465,0
14471,0
14473,1
14474,0
14475,0
14478,1
14479,0
14491,0
14493,1
14494,0
14495,0
14497,0
14498,0
14499,0
14503,0
14505,0
14506,1
14507,0
14509,0
14510,1
14511,1
14519,0
14521,0
14523,0
14533,0
14537,0
14545,0
14550,0
14553,0
14557,1
14565,1
14566,1
14574,0
14576,0
14579,0
14580,0
14585,0
14586,0
14587,1
14589,0
14600,0
14604,0
14605,1
14611,0
14617,0
14618,0
14622,1
14624,0
14628,1
14630,1
14636,0
14637,0
14638,1
14644,0
14648,0
14651,0
14654,0
14658,0
14660,0
14661,0
14663,0
14664,0
14673,0
14680,0
14687,0
14689,0
14696,0
14701,0
14707,1
14712,1
14716,1
14723,0
14724,0
14725,0
14729,0
14730,0
14738,0
14743,0
14746,1
14747,0
14750,0
14754,0
14762,1
14769,1
14770,0
14771,0
14787,0
14789,0
14790,0
14791,1
14792,1
14795,0
14802,0
14804,1
14805,0
14809,0
14812,0
14813,1
14821,0
14823,1
14824,0
14827,0
14828,1
14829,0
14836,0
14838,0
14839,0
14842,0
14846,1
14848,0
14853,1
14854,0
14866,1
14867,0
14869,0
14870,0
14872,0
14873,1
14878,0
14880,0
14886,0
14891,0
14892,0
14905,1
14910,0
14916,1
14918,0
14919,0
14922,0
14923,0
14928,1
14934,0
14936,0
14940,1
14942,0
14945,0
14948,0
14949,1
14952,0
14953,0
14965,1
14968,0
14977,0
14979,0
14982,1
14986,1
14991,0
14993,0
14995,0
15004,0
15007,0
15009,1
15010,0
15014,0
15017,1
15020,0
15024,0
15025,0
15026,0
15029,1
15036,0
15039,0
15046,1
15047,0
15050,0
15051,0
15053,0
15055,1
15056,1
15062,0
15065,0
15067,0
15069,1
15071,0
15075,0
15079,0
15083,0
15090,0
15091,1
15092,1
15095,0
15097,0
15098,0
15100,0
15101,0
15106,0
15114,0
15117,0
15121,0
15123,1
15127,1
15133,0
15135,0
15136,0
15142,0
15145,0
15147,0
15150,0
15155,0
15159,0
15160,1
15162,0
15168,1
15170,1
15171,0
15185,1
15186,0
15187,0
15188,0
15189,0
15191,0
15193,0
15194,0
15195,0
15196,0
15199,1
15201,0
15202,0
15204,1
15206,1
15209,0
15212,1
15217,0
15218,0
15227,0
15228,0
15229,0
15230,1
15232,0
15233,1
15239,0
15241,0
15246,1
15247,1
15250,1
15253,0
15258,0
15263,0
15264,1
15265,0
15267,0
15270,0
15271,1
15277,0
15278,1
15280,0
15290,0
15292,1
15293,0
15294,1
15295,0
15296,0
15301,0
15303,1
15304,1
15305,0
15308,1
15313,0
15315,0
15318,0
15321,0
15325,1
15327,0
15328,0
15329,0
15331,1
15334,0
15340,0
15345,0
15347,0
15349,0
15351,0
15352,1
15354,0
15356,1
15360,1
15362,0
15370,0
15373,1
15379,1
15383,0
15384,0
15388,1
15390,1
15397,0
15398,0
15402,0
15411,0
15417,0
15419,0
15424,0
15427,0
15430,0
15435,0
15436,0
15438,0
15441,1
15447,0
15452,0
15453,0
15456,0
15459,0
15460,0
15462,0
15467,0
15468,0
15469,0
15470,0
15471,0
15475,0
15476,0
15478,0
15486,1
15492,0
15494,1
15495,1
15496,0
15497,0
15501,0
15503,0
15504,0
15507,0
15508,0
15510,0
15523,0
15526,0
15529,0
15530,0
15534,0
15535,0
15537,1
15539,0
15543,0
15553,0
15554,0
15563,0
15564,1
15565,1
15567,1
15571,1
15579,0
15581,0
15582,0
15583,0
15585,0
15587,1
15588,0
15591,0
15598,0
15601,0
15607,0
15610,0
15612,0
15614,0
15621,0
15622,0
15627,1
15628,0
15629,0
15633,0
15635,1
15637,1
15641,0
15643,0
15645,0
15650,0
15652,1
15661,0
15666,0
15667,1
15668,1
15672,1
15673,0
15687,0
15689,0
15697,0
15701,1
15702,0
15706,0
15707,0
15714,0
15715,0
15734,0
15737,1
15739,1
15740,0
15742,0
15743,0
15744,1
15754,0
15756,0
15757,0
15759,0
15765,0
15766,0
15767,0
15768,0
15779,0
15781,0
15786,0
15792,1
15793,0
15794,1
15796,1
15797,0
15803,0
15806,0
15809,0
15812,0
15813,1
15818,1
15819,0
15823,1
15825,0
15828,0
15834,1
15840,0
15841,0
15851,0
15852,0
15853,0
15856,0
15860,0
15861,0
15862,0
15864,0
15866,0
15868,0
15869,1
15871,0
15877,1
15880,1
15888,0
15890,0
15891,0
15899,0
15900,0
15903,1
15914,1
15915,0
15921,0
15922,0
15923,1
15925,0
15926,0
15928,0
15930,1
15932,0
15937,0
15947,1
15949,0
15951,1
15959,0
15962,0
15969,0
15976,0
15981,1
15989,0
15994,0
15995,1
15998,0
16000,0
16002,0
16003,0
16004,0
16005,0
16008,0
16010,0
16016,0
16017,0
16030,1
16032,0
16035,0
16041,1
16045,0
16048,0
16050,0
16052,0
16053,0
16057,0
16061,0
16071,0
16077,0
16083,0
16091,1
16092,0
16109,0
16112,0
16117,1
16119,0
16123,0
16125,0
16127,1
16129,1
16137,1
16141,0
16147,0
16149,0
16150,0
16151,1
16154,0
16155,1
16156,0
16157,0
16160,0
16163,0
16165,1
16166,0
16170,0
16171,0
16172,0
16173,0
16177,0
16179,0
16182,1
16186,1
16188,0
16196,0
16198,1
16199,0
16200,0
16203,0
16206,0
16207,1
16210,0
16212,0
16213,0
16215,1
16216,0
16218,0
16220,0
16224,0
16239,0
16251,1
16253,0
16254,0
16256,0
16258,0
16262,1
16283,1
16284,0
16286,1
16289,1
16299,1
16310,1
16314,0
16316,0
16318,0
16322,0
16323,0
16324,0
16330,0
16334,0
16335,0
16336,0
16342,0
16347,0
16358,0
16360,0
16361,0
16369,1
16372,0
16378,0
16379,0
16381,0
16384,0
16387,0
16397,0
16401,0
16404,1
16416,0
16421,1
16422,0
16427,0
16430,0
16431,0
16440,0
16441,0
16452,0
16455,1
16456,0
16457,0
16459,1
16464,0
16465,0
16466,1
16471,0
16475,0
16477,0
16480,0
16481,0
16485,1
16489,0
16490,1
16493,0
16499,0
16500,0
16523,0
16524,0
16532,0
16536,0
16538,0
16541,0
16551,1
16555,1
16557,0
16560,0
16562,0
16566,1
16571,0
16572,0
16575,1
16577,0
16582,1
16583,0
16585,0
16586,0
16587,0
16589,0
16590,0
16595,0
16596,0
16597,0
16599,1
16600,0
16603,1
16607,0
16615,0
16616,1
16618,0
16620,0
16621,0
16623,1
16625,0
16626,0
16629,1
16630,0
16638,0
16643,1
16646,0
16652,0
16655,0
16659,0
16663,0
16665,0
16666,0
16671,0
16679,0
16688,1
16701,0
16702,0
16704,0
16714,0
16730,0
16731,0
16737,1
16738,0
16740,0
16746,0
16749,1
16750,0
16753,0
16756,1
16760,0
16761,1
16763,1
16773,1
16776,1
16777,0
16779,0
16784,0
16785,0
16786,0
16790,0
16792,1
16813,0
16819,0
16820,0
16823,0
16824,0
16826,0
16828,0
16829,0
16841,0
16842,0
16844,0
16845,0
16848,0
16849,0
16855,0
16862,0
16870,0
16874,0
16875,1
16880,1
16881,0
16890,0
16891,1
16893,0
16894,1
16897,0
16898,0
16899,0
16901,0
16902,1
16907,0
16908,0
16920,0
16922,0
16924,1
16928,0
16929,0
16930,1
16934,0
16935,0
16940,0
16941,0
16943,0
16944,0
16947,0
16951,0
16953,1
16957,0
16958,0
16966,1
16967,0
16969,0
16975,0
16976,1
16983,0
16990,0
16992,0
16993,1
16995,0
17001,0
17002,0
17004,0
17007,1
17008,0
17012,0
17014,0
17020,0
17021,0
17023,0
17024,1
17029,0
17030,0
17031,0
17037,0
17038,0
17041,0
17042,0
17051,1
17056,0
17057,1
17059,0
17063,0
17071,0
17072,1
17073,0
17083,1
17086,1
17090,1
17091,0
17095,1
17096,0
17097,0
17102,0
17105,0
17109,1
17113,0
17124,0
17125,0
17126,1
17130,0
17131,1
17133,1
17135,0
17139,0
17143,1
17149,0
17153,0
17154,1
17155,0
17157,0
17158,0
17164,1
17165,0
17166,0
17169,0
17174,0
17179,0
17184,0
17189,1
17193,0
17195,0
17204,0
17205,1
17212,0
17216,1
17217,0
17221,0
17225,0
17226,0
17237,0
17238,0
17240,0
17241,0
17242,0
17246,0
17256,0
17258,0
17260,0
17264,0
17269,0
17271,0
17272,0
17276,0
17279,0
17282,1
17284,1
17285,0
17286,0
17295,1
17296,0
17297,0
17300,0
17301,0
17304,0
17306,1
17309,0
17310,0
17314,0
17316,0
17317,0
17320,0
17321,0
17337,0
17345,1
17349,0
17350,0
17355,0
17357,1
17364,0
17372,0
17373,0
17375,1
17381,0
17383,0
17384,0
17394,0
17395,0
17397,0
17398,0
17403,0
17405,0
17408,1
17410,0
17413,0
17417,0
17421,0
17428,0
17431,0
17434,0
17439,0
17442,0
17450,0
17451,0
17458,1
17461,1
17466,0
17470,1
17473,0
17474,1
17475,0
17478,1
17492,0
17496,0
17498,0
17503,0
17504,0
17505,0
17510,1
17511,0
17515,0
17519,0
17520,0
17522,1
17525,0
17531,0
17537,0
17540,0
17541,0
17542,0
17546,0
17564,0
17568,0
17571,0
17573,0
17577,0
17578,0
17579,0
17586,1
17591,0
17596,1
17597,0
17602,0
17604,0
17610,0
17611,1
17612,0
17613,0
17614,0
17615,0
17616,0
17618,0
17619,1
17621,0
17623,1
17625,0
17629,0
17631,0
17636,0
17646,0
17647,1
17654,0
17655,0
17656,0
17659,0
17660,0
17661,0
17666,1
17668,0
17670,0
17674,0
17676,0
17678,1
17680,0
17684,1
17685,1
17686,1
17694,1
17695,1
17696,0
17697,0
17702,1
17703,1
17705,0
17707,0
17709,0
17713,0
17716,0
17725,0
17728,0
17737,1
17745,1
17750,0
17751,0
17752,0
17769,0
17775,0
17780,0
17782,1
17783,0
17785,0
17787,0
17789,0
17791,0
17795,0
17798,0
17799,0
17804,0
17811,1
17813,0
17823,0
17826,1
17828,1
17830,1
17837,0
17846,1
17851,1
17855,1
17871,0
17873,0
17874,0
17876,0
17878,1
17879,0
17890,0
17894,0
17896,1
17898,0
17904,0
17905,0
17912,0
17918,0
17920,0
17923,1
17924,0
17926,1
17927,0
17930,1
17931,0
17935,0
17938,0
17939,0
17942,1
17943,1
17944,1
17952,0
17955,1
17956,0
17957,0
17958,0
17960,0
17961,1
17964,0
17966,0
17973,0
17979,0
17982,1
17987,1
17988,0
17989,1
17994,0
18012,0
18013,0
18017,1
18023,0
18026,0
18029,0
18030,1
18031,0
18038,1
18039,0
18047,0
18048,0
18053,0
18056,0
18061,0
18063,0
18068,0
18070,0
18074,0
18076,1
18096,1
18104,0
18117,0
18118,0
18127,1
18130,1
18131,0
18133,1
18137,0
18138,0
18140,1
18145,1
18149,0
18153,0
18155,0
18158,1
18159,1
18160,1
18161,0
18167,1
18170,0
18172,0
18175,0
18176,1
18183,0
18191,0
18193,0
18194,0
18197,0
18198,1
18200,0
18209,0
18211,0
18214,0
18216,1
18217,0
18224,1
18227,0
18230,0
18231,0
18234,1
18236,1
18240,1
18241,0
18248,0
18249,1
18250,0
18252,1
18260,0
18261,1
18264,0
18270,0
18272,0
18277,0
18278,0
18281,1
18282,0
18284,0
18285,0
18286,0
18287,1
18289,0
18290,0
18295,1
18300,1
18302,0
18303,0
18304,0
18307,1
18309,0
18313,0
18314,0
18315,0
18322,0
18323,0
18326,1
18329,1
18334,0
18343,0
18345,0
18346,0
18347,1
18348,1
18349,1
18359,1
18360,0
18364,0
18368,0
18370,1
18383,0
18385,0
18386,1
18387,1
18389,1
18393,0
18399,0
18400,1
18401,0
18402,1
18404,0
18405,1
18408,0
18412,1
18413,0
18421,0
18423,1
18425,0
18426,1
18428,0
18429,0
18432,0
18442,0
18446,0
18448,0
18449,1
18450,1
18453,0
18457,0
18459,0
18461,0
18464,1
18466,1
18468,0
18474,0
18478,0
18479,1
18481,1
18483,0
18490,0
18491,0
18492,0
18493,0
18494,0
18495,0
18498,1
18501,1
18502,0
18506,1
18507,0
18509,1
18511,0
18513,0
18516,1
18517,0
18518,0
18525,0
18528,0
18532,0
18533,0
18538,1
18542,0
18546,1
18547,0
18548,1
18551,0
18553,1
18554,0
18558,0
18561,0
18566,0
18571,0
18574,0
18575,0
18576,0
18577,0
18583,0
18586,0
18593,0
18594,0
18595,0
18597,0
18600,0
18603,0
18604,0
18605,0
18609,0
18610,0
18611,0
18612,1
18613,0
18614,1
18616,1
18617,0
18621,0
18624,0
18628,0
18634,0
18638,0
18641,0
18644,0
18649,0
18650,0
18658,0
18659,0
18664,0
18666,0
18668,1
18672,1
18678,0
18689,1
18698,0
18699,0
18702,0
18706,0
18712,0
18715,0
18716,1
18720,0
18721,0
18722,0
18723,0
18724,0
18733,0
18737,0
18741,0
18742,0
18744,0
18745,0
18746,0
18751,0
18754,0
18759,0
18766,0
18771,1
18772,0
18773,1
18774,1
18777,1
18781,1
18782,1
18785,0
18786,1
18787,1
18788,0
18796,0
18797,0
18800,0
18801,1
18802,0
18805,0
18811,0
18819,0
18821,1
18822,0
18824,0
18825,0
18829,1
18830,0
18834,1
18836,0
18844,1
18845,1
18847,0
18850,0
18856,0
18858,0
18859,0
18860,0
18862,0
18874,1
18878,1
18883,0
18885,0
18887,0
18891,0
18901,0
18903,1
18904,0
18905,0
18907,1
18909,0
18910,1
18911,0
18915,0
18917,1
18919,0
18923,0
18925,0
18928,0
18930,0
18936,0
18938,0
18941,0
18946,1
18947,0
18949,1
18950,0
18952,0
18955,0
18958,0
18965,1
18969,0
18976,0
18979,0
18980,0
18989,0
18992,1
19002,1
19003,1
19008,0
19009,1
19012,1
19013,0
19014,0
19016,0
19017,0
19018,0
19020,0
19028,0
19031,1
19037,1
19038,1
19042,1
19046,0
19048,1
19049,0
19050,0
19054,0
19059,0
19060,0
19061,0
19064,0
19065,0
19067,0
19068,1
19069,0
19070,0
19074,0
19075,0
19076,0
19077,0
19078,0
19085,1
19091,0
19093,1
19094,0
19096,1
19099,0
19101,0
19106,0
19112,0
19114,0
19118,0
19120,0
19122,1
19125,0
19126,0
19136,1
19144,0
19156,1
19157,0
19160,0
19169,0
19179,0
19183,0
19186,0
19191,0
19193,0
19194,1
19196,0
19197,0
19199,0
19201,0
19202,0
19208,0
19213,0
19214,0
19217,0
19219,0
19220,0
19223,0
19224,0
19226,0
19229,1
19231,1
19237,0
19242,0
19243,0
19245,0
19246,0
19252,0
19255,1
19256,0
19260,0
19264,0
19265,0
19272,1
19274,0
19275,0
19277,0
19279,0
19281,0
19285,0
19291,1
19292,0
19295,0
19298,1
19306,0
19310,0
19311,0
19316,0
19318,0
19322,0
19325,0
19331,0
19332,0
19335,1
19338,0
19346,1
19348,0
19349,0
19368,1
19372,1
19374,0
19378,0
19380,0
19383,0
19385,0
19388,1
19394,0
19398,0
19404,0
19406,0
19409,0
19411,0
19415,0
19419,0
19420,0
19424,0
19428,1
19430,0
19433,1
19437,0
19442,1
19444,0
19459,0
19463,1
19466,0
19472,0
19474,0
19475,1
19476,1
19479,1
19481,0
19483,1
19487,1
19494,0
19497,0
19503,1
19508,0
19510,1
19511,0
19512,0
19513,0
19515,0
19517,0
19520,0
19523,0
19524,1
19528,1
19531,0
19532,0
19534,0
19535,0
19539,0
19542,0
19555,0
19557,0
19558,0
19561,1
19562,0
19570,0
19571,0
19584,1
19585,0
19591,1
19593,0
19594,0
19600,0
19605,0
19606,0
19608,0
19611,0
19612,0
19616,0
19625,1
19626,0
19628,0
19629,0
19634,0
19635,1
19637,1
19639,0
19641,1
19644,0
19648,0
19649,0
19654,1
19655,1
19658,1
19663,1
19664,0
19677,0
19679,0
19681,1
19682,0
19683,1
19686,0
19687,0
19688,0
19690,0
19691,0
19692,0
19695,0
19705,0
19706,0
19712,0
19715,0
19720,0
19728,0
19734,0
19735,0
19742,1
19743,0
19752,0
19758,0
19760,0
19767,1
19770,1
19772,0
19782,0
19784,0
19789,0
19791,0
19803,1
19804,0
19805,0
19808,1
19811,1
19812,0
19818,0
19820,0
19826,1
19830,0
19831,0
19839,0
19844,0
19849,0
19859,0
19860,0
19861,0
19865,0
19869,0
19870,0
19871,0
19872,0
19875,0
19876,0
19877,0
19879,1
19883,0
19891,0
19892,0
19893,0
19894,0
19899,0
19902,0
19903,1
19906,1
19916,0
19918,1
19922,0
19923,0
19924,0
19926,0
19937,1
19938,0
19940,0
19942,0
19946,0
19947,0
19948,0
19951,1
19952,0
19953,0
19954,0
19955,0
19957,0
19959,0
19961,1
19968,0
19972,1
19974,0
19976,0
19977,0
19979,0
19983,0
19987,0
19988,0
19994,0
19996,0
20000,0
20002,0
20011,0
20013,1
20017,0
20019,1
20023,0
20024,0
20028,1
20030,0
20034,0
20035,0
20036,0
20038,0
20039,0
20049,0
20051,0
20052,0
20053,1
20055,0
20056,0
20057,0
20059,0
20061,0
20064,0
20066,0
20067,0
20073,0
20075,1
20079,0
20080,1
20081,1
20087,0
20089,1
20098,0
20101,1
20102,0
20103,1
20104,0
20112,0
20113,0
20115,0
20116,0
20121,0
20122,0
20125,1
20126,1
20127,0
20129,0
20131,0
20132,1
20134,0
20137,0
20140,0
20141,0
20146,0
20150,1
20154,1
20156,0
20159,1
20163,1
20165,0
20171,0
20182,1
20187,0
20190,1
20191,1
20193,0
20194,0
20198,0
20199,0
20201,0
20203,1
20204,0
20208,0
20209,0
20213,1
20214,0
20219,0
20221,0
20224,1
20226,0
20228,0
20232,0
20234,0
20242,0
20245,1
20248,0
20249,0
20251,1
20252,0
20253,0
20258,0
20259,0
20261,0
20263,0
20266,0
20267,0
20268,1
20275,1
20281,1
20283,0
20286,0
20288,0
20291,0
20292,1
20294,0
20299,0
20302,1
20304,1
20308,0
20311,1
20313,0
20320,0
20324,0
20326,1
20328,0
20331,1
20333,1
20338,1
20342,0
20346,1
20348,0
20351,0
20352,0
20353,1
20354,0
20362,0
20368,1
20371,0
20378,0
20388,1
20393,0
20394,0
20395,1
20396,0
20400,0
20401,1
20405,1
20409,0
20417,1
20420,1
20422,0
20425,0
20427,0
20431,1
20437,1
20439,0
20441,0
20444,0
20447,0
20448,0
20456,0
20459,0
20460,0
20462,0
20465,0
20466,1
20468,0
20469,0
20471,0
20481,1
20482,0
20483,0
20485,0
20487,0
20489,0
20490,1
20491,0
20493,1
20495,1
20501,0
20503,1
20510,0
20513,0
20518,0
20519,0
20523,0
20526,1
20529,0
20530,1
20541,1
20542,1
20544,0
20550,1
20552,1
20557,1
20562,1
20563,0
20564,0
20567,0
20572,0
20573,0
20575,0
20577,1
20580,1
20581,1
20583,1
20595,1
20600,0
20603,1
20606,1
20618,0
20619,0
20621,0
20629,0
20630,1
20631,1
20632,1
20635,1
20636,1
20638,0
20650,0
20651,0
20652,1
20659,0
20663,1
20665,0
20667,0
20668,0
20671,0
20674,0
20676,1
20680,1
20682,0
20687,1
20691,0
20693,1
20694,0
20695,0
20696,0
20697,0
20698,0
20701,0
20702,1
20711,0
20720,0
20732,0
20734,0
20737,1
20746,0
20747,0
20749,0
20751,0
20752,1
20754,0
20755,0
20762,0
20766,0
20774,0
20776,1
20783,0
20785,0
20793,0
20796,0
20801,0
20808,0
20809,0
20810,0
20818,1
20823,0
20824,0
20827,1
20831,0
20832,0
20833,1
20835,1
20840,0
20842,1
20845,1
20847,0
20849,1
20854,0
20856,0
20858,0
20859,0
20861,1
20864,0
20871,0
20878,0
20881,0
20884,1
20886,0
20888,0
20889,0
20892,0
20894,1
20896,0
20897,0
20900,0
20905,0
20908,0
20911,0
20912,0
20915,1
20916,1
20917,0
20923,0
20928,0
20931,0
20935,0
20940,0
20941,0
20942,1
20943,0
20944,0
20949,0
20951,0
20955,1
20957,1
20958,0
20959,1
20960,0
20962,1
20969,0
20981,0
20983,1
20985,0
20987,0
20990,0
20991,0
20994,0
20996,0
21001,0
21011,1
21015,0
21016,0
21019,0
21029,1
21031,0
21042,0
21047,0
21049,0
21051,0
21054,0
21055,0
21056,0
21058,0
21065,0
21067,1
21073,0
21079,1
21080,0
21082,0
21087,0
21090,0
21098,0
21104,0
21107,1
21109,0
21111,0
21114,1
21115,0
21116,0
21118,0
21119,1
21121,0
21123,0
21124,0
21130,1
21133,0
21136,0
21138,0
21141,0
21145,0
21147,0
21149,1
21153,0
21154,0
21155,0
21156,0
21160,0
21167,0
21169,0
21170,0
21172,0
21178,1
21180,0
21183,0
21188,0
21190,0
21195,1
21196,0
21198,0
21199,0
21201,1
21206,1
21208,0
21215,0
21217,1
21219,0
21222,0
21223,0
21224,1
21225,0
21236,0
21239,1
21242,0
21243,0
21246,0
21247,0
21250,0
21251,0
21253,0
21256,0
21259,0
21260,0
21264,0
21265,0
21268,0
21270,0
21272,1
21284,0
21285,0
21287,0
21290,0
21291,0
21294,0
21296,0
21298,1
21299,0
21300,1
21301,0
21302,0
21303,1
21304,0
21308,0
21310,0
21311,0
21313,0
21317,1
21319,0
21327,0
21329,0
21337,0
21338,0
21339,0
21341,0
21342,0
21345,0
21346,0
21348,1
21352,0
21354,1
21360,0
21363,0
21365,0
21366,0
21369,0
21370,0
21375,0
21377,1
21379,0
21384,0
21388,0
21389,0
21390,0
21391,0
21392,0
21393,0
21394,0
21404,1
21412,0
21413,0
21417,0
21419,0
21420,0
21425,0
21426,0
21427,0
21429,0
21434,0
21437,0
21439,0
21453,0
21454,1
21458,0
21462,0
21464,0
21465,0
21468,0
21469,0
21475,1
21476,1
21479,0
21484,1
21488,1
21492,0
21496,0
21497,0
21498,1
21499,1
21501,0
21509,0
21510,0
21512,0
21514,0
21515,0
21516,0
21517,0
21525,1
21529,1
21535,1
21538,0
21540,0
21554,0
21559,0
21560,1
21563,0
21566,0
21567,1
21572,1
21575,0
21582,0
21585,0
21586,1
21587,0
21589,0
21590,0
21597,1
21600,0
21602,1
21607,0
21608,0
21609,0
21610,1
21611,0
21617,1
21620,0
21624,0
21625,0
21627,0
21631,0
21632,0
21633,1
21634,0
21635,0
21637,1
21638,1
21642,0
21646,0
21648,0
21657,0
21659,1
21661,0
21664,1
21668,0
21671,0
21672,0
21675,1
21676,0
21678,0
21679,1
21681,0
21682,0
21687,0
21698,0
21701,0
21702,0
21704,0
21706,0
21707,1
21714,0
21724,0
21726,0
21728,0
21731,0
21733,0
21734,0
21739,0
21740,1
21742,0
21747,0
21757,0
21762,0
21765,0
21766,0
21767,1
21768,1
21769,0
21773,0
21776,1
21781,0
21784,1
21787,1
21788,0
21790,0
21796,0
21798,0
21799,0
21800,1
21802,0
21803,0
21809,1
21811,0
21812,0
21816,0
21817,0
21820,0
21822,1
21823,0
21824,0
21827,0
21829,0
21836,1
21837,0
21839,0
21840,0
21843,0
21846,0
21849,0
21850,1
21857,0
21858,1
21861,0
21879,0
21881,1
21884,1
21885,0
21891,0
21893,0
21895,0
21906,0
21909,0
21910,1
21914,0
21921,0
21927,0
21929,0
21937,0
21941,1
21942,1
21945,1
21946,0
21953,0
21961,0
21963,0
21965,0
21969,1
21970,0
21973,0
21977,1
21984,0
21986,0
21990,0
21993,0
21995,0
21996,0
21997,0
21999,0
22004,0
22006,1
22009,1
22010,0
22012,0
22013,0
22018,0
22023,0
22025,0
22026,0
22028,0
22030,1
22034,0
22037,1
22040,0
22041,0
22042,1
22049,0
22051,0
22053,1
22055,0
22067,0
22074,0
22077,0
22080,0
22084,0
22087,0
22091,0
22092,0
22094,0
22096,0
22099,0
22101,0
22103,0
22105,0
22107,0
22110,0
22125,0
22126,0
22132,0
22135,0
22136,0
22137,0
22147,0
22150,0
22151,1
22152,0
22155,0
22164,0
22168,1
22171,1
22177,0
22178,0
22183,0
22185,1
22190,1
22191,0
22194,0
22195,1
22196,1
22203,0
22204,0
22207,1
22210,0
22212,0
22215,0
22225,0
22226,0
22232,0
22235,1
22239,0
22241,0
22244,0
22246,0
22249,0
22255,0
22258,0
22262,0
22266,0
22268,0
22273,0
22275,1
22276,0
22284,1
22288,0
22290,0
22291,0
22296,0
22298,0
22300,1
22301,0
22302,0
22303,1
22304,0
22311,0
22315,1
22317,0
22318,1
22322,1
22324,0
22325,0
22332,1
22333,0
22334,0
22338,0
22339,0
22340,0
22345,0
22346,0
22347,1
22348,0
22350,1
22351,1
22354,0
22357,0
22363,0
22365,0
22367,1
22369,1
22370,0
22371,1
22384,0
22385,0
22386,0
22387,0
22389,0
22396,0
22399,0
22404,1
22406,1
22408,0
22415,1
22417,0
22418,1
22421,1
22429,0
22433,0
22434,0
22437,1
22449,0
22452,0
22454,1
22455,0
22456,0
22459,0
22460,0
22463,0
22464,1
22466,0
22468,0
22473,0
22476,0
22483,1
22484,1
22485,0
22492,0
22494,1
22503,0
22504,0
22506,1
22509,0
22510,0
22513,0
22515,1
22519,0
22520,0
22521,0
22526,0
22527,0
22530,0
22531,0
22533,0
22536,0
22539,0
22541,0
22547,0
22551,0
22556,0
22557,0
22563,1
22565,0
22567,0
22571,0
22573,0
22583,0
22589,1
22592,1
22593,0
22594,0
22602,1
22605,0
22608,0
22615,0
22619,1
22620,0
22623,0
22624,0
22625,1
22643,1
22644,0
22647,0
22653,0
22655,0
22656,0
22658,1
22660,0
22661,0
22663,0
22668,0
22669,0
22670,0
22678,1
22682,1
22684,0
22707,0
22709,1
22710,0
22711,0
22712,0
22718,0
22724,1
22727,1
22731,1
22732,1
22738,0
22743,0
22745,0
22747,0
22749,1
22751,1
22752,1
22753,1
22761,0
22765,0
22768,0
22771,0
22772,0
22775,0
22783,0
22784,0
22788,0
22793,0
22799,1
22803,0
22805,0
22807,0
22809,0
22811,0
22813,0
22814,0
22815,1
22818,0
22822,0
22827,0
22828,0
22829,0
22830,1
22832,0
22835,0
22836,0
22837,0
22839,0
22842,1
22844,0
22845,1
22847,1
22850,1
22855,1
22862,0
22864,1
22873,0
22874,1
22876,0
22886,0
22890,1
22892,0
22896,1
22897,0
22902,1
22905,1
22907,0
22913,0
22914,1
22916,0
22917,1
22918,1
22926,0
22935,1
22941,0
22942,1
22944,0
22946,1
22949,0
22955,0
22956,0
22957,0
22961,0
22962,0
22964,0
22969,0
22970,0
22971,0
22974,1
22975,0
22976,0
22978,0
22979,0
22983,1
22984,0
22985,1
22986,1
22988,0
22995,1
22996,0
23000,0
23001,1
23002,0
23003,0
23004,0
23009,0
23019,0
23021,0
23028,1
23035,1
23036,0
23039,1
23040,1
23044,0
23049,0
23052,0
23053,1
23054,0
23058,0
23061,1
23066,1
23069,0
23071,1
23072,0
23075,1
23077,0
23080,1
23092,1
23107,0
23111,1
23112,0
23117,1
23119,0
23121,0
23135,0
23137,0
23143,1
23144,0
23147,0
23149,0
23157,0
23159,0
23169,0
23173,1
23186,0
23191,0
23192,0
23194,1
23196,0
23197,0
23201,1
23203,0
23208,0
23209,1
23211,0
23217,0
23221,0
23229,0
23231,0
23238,0
23239,0
23241,0
23243,0
23244,0
23247,0
23252,0
23257,0
23260,1
23267,0
23269,0
23276,0
23278,1
23279,1
23282,0
23283,1
23288,0
23290,0
23292,0
23300,0
23302,1
23304,1
23305,1
23309,0
23321,1
23324,0
23327,0
23328,0
23334,0
23335,0
23344,0
23346,1
23348,1
23351,0
23354,0
23356,0
23358,1
23362,1
23375,0
23377,0
23378,0
23381,0
23382,0
23387,0
23395,1
23398,0
23402,1
23403,0
23405,0
23409,0
23418,0
23419,0
23421,0
23423,1
23424,0
23425,0
23426,1
23427,0
23428,0
23430,0
23432,0
23433,1
23436,0
23440,0
23444,0
23446,0
23447,1
23449,0
23450,0
23455,0
23462,0
23468,1
23469,0
23473,0
23475,0
23476,0
23481,0
23485,1
23487,0
23488,0
23492,1
23494,0
23504,1
23505,0
23512,0
23514,0
23515,0
23518,1
23519,0
23520,1
23522,0
23532,0
23533,0
23534,0
23538,1
23540,0
23542,0
23545,0
23547,0
23549,0
23552,0
23556,0
23573,1
23577,0
23581,0
23582,0
23584,1
23585,1
23586,1
23596,1
23597,0
23598,1
23601,1
23609,0
23612,0
23615,0
23617,1
23623,0
23626,1
23628,1
23637,0
23651,0
23662,1
23672,0
23676,1
23677,0
23682,0
23684,0
23687,0
23689,0
23695,0
23696,1
23700,0
23702,0
23707,0
23709,1
23711,0
23712,1
23713,0
23715,0
